{"cameraMode":{"drawMode":0,"name":"Shaded","section":"Shading Mode"},"sceneLighting":true,"audioPlay":false,"sceneViewState":{"m_AlwaysRefresh":false,"showFog":true,"showSkybox":true,"showFlares":true,"showImageEffects":true,"showParticleSystems":true,"showVisualEffectGraphs":true,"m_FxEnabled":true},"in2DMode":false,"pivot":{"x":0.901336669921875,"y":2.6776981353759767,"z":53.60067367553711},"rotation":{"x":0.24192853271961213,"y":0.6630375385284424,"z":-0.24074453115463258,"w":0.6662230491638184},"size":18.519447326660158,"orthographic":false}